index	resi_1	resi_seq_posi_1	resi_2	resi_seq_posi_2	coevo_value	seq_id	prob	filter_by_graph
0	E	5	H	9	0.2190173715353012	P0A6G5	0.03880765661597252	0
1	H	9	E	16	0.1859485507011413	P0A6G5	0.011732622049748898	0
2	H	10	E	16	0.9611774682998656	P0A6G5	0.015511693432927132	0
3	H	35	E	80	0.9317410588264464	P0A6G5	0.022413648664951324	0
4	H	62	H	114	0.3968537151813507	P0A6G5	0.06999777257442474	0
5	E	109	H	112	0.3371338248252868	P0A6G5	0.02230561338365078	0
6	E	111	D	121	0.2134261727333068	P0A6G5	0.37260115146636963	0
7	E	128	E	130	0.7904982566833496	P0A6G5	0.01346669066697359	0
8	E	130	D	136	0.5532351732254028	P0A6G5	0.01457239966839552	0
9	C	144	C	147	0.998167872428894	P0A6G5	0.9809665083885193	1
10	C	144	C	154	0.9993597865104676	P0A6G5	0.9629727602005005	1
11	C	144	H	160	0.9526704549789428	P0A6G5	0.9666543006896973	1
12	C	147	C	154	0.9980781078338624	P0A6G5	0.9726675152778625	1
13	C	147	H	160	0.852667510509491	P0A6G5	0.9531707763671875	1
14	C	147	D	164	0.5664535760879517	P0A6G5	0.4935372769832611	0
15	E	148	D	164	0.1077154651284217	P0A6G5	0.02211396023631096	0
16	E	148	D	175	0.120160162448883	P0A6G5	0.014246303588151932	0
17	C	154	H	160	0.9213069677352904	P0A6G5	0.9379087090492249	1
18	C	154	D	164	0.1551514416933059	P0A6G5	0.4428408145904541	0
19	H	160	D	164	0.9951604008674622	P0A6G5	0.240868479013443	0
20	D	175	C	179	0.4907834529876709	P0A6G5	0.028990069404244423	0
